player_name,team,opponent,round,season,position,mins_played,tries,try_minutes,points,all_runs,all_run_metres,post_contact_metres,kick_return_metres,line_breaks,line_break_assists,try_assists,line_engaged_runs,tackle_breaks,hit_ups,play_the_ball,average_play_the_ball_speed,dummy_half_runs,dummy_half_run_metres,offloads,passes,receipts,passes_to_run_ratio,tackle_efficiency,tackles_made,missed_tackles,intercepts,kicks_defused,kicks,kicking_metres,forced_drop_outs,bomb_kicks,grubbers,errors,handling_errors,penalties,ruck_infringements,inside_10_metres,sin_bins,send_offs,stint_one,stint_two
Keano Kini,Titans,Sea Eagles,20,2026,Fullback,80:00,0,,0,24,191,35,24,0,1,1,0,2,0,0,3.33s,1,14,3,24,46,1.0,66.67,2,1,0,2,0,0,0,0,0,2,2,0,0,0,0,0,80:00,-
Dean Ieremia,Titans,Sea Eagles,20,2026,Winger,70:00,1,8,4,15,126,33,29,1,0,0,0,0,0,0,3.3s,0,0,0,3,18,0.2,66.67,6,2,0,0,0,0,0,0,0,0,0,1,0,0,1,0,70:00,-
Jojo Fifita,Titans,Sea Eagles,20,2026,Centre,80:00,2,33;69,8,15,136,34,0,2,1,1,0,0,0,0,3.3s,0,0,3,8,22,0.53,77.78,14,2,0,0,0,0,0,0,0,2,2,0,0,0,0,0,80:00,-
AJ Brimson,Titans,Sea Eagles,20,2026,Centre,77:00,1,39,4,8,132,22,0,1,0,0,0,3,0,0,4s,0,0,0,5,15,0.63,84.21,16,2,0,0,1,1,0,0,1,2,2,0,1,0,0,0,77:00,-
Phillip Sami,Titans,Sea Eagles,20,2026,Winger,80:00,0,,0,21,201,90,4,0,0,0,0,2,0,0,3.47s,0,0,0,1,22,0.05,66.67,2,0,0,1,0,0,0,0,0,1,0,0,0,0,0,0,80:00,-
Jayden Campbell,Titans,Sea Eagles,20,2026,Five-Eighth,80:00,0,,10,10,85,28,0,0,1,1,0,6,0,0,3.48s,0,0,2,30,50,3.0,64.71,11,3,0,0,10,316,0,3,0,0,0,0,0,0,0,0,80:00,-
Zane Harrison,Titans,Sea Eagles,20,2026,Halfback,80:00,0,,0,12,57,9,0,0,1,1,0,1,0,0,3.85s,0,0,0,35,50,2.92,91.67,22,1,0,0,7,165,0,3,1,1,0,0,0,1,0,0,80:00,-
Moeaki Fotuaika,Titans,Sea Eagles,20,2026,Prop,53:00,0,,0,16,147,63,26,0,0,0,0,1,14,0,2.91s,0,0,0,4,20,0.25,100.0,21,0,0,0,0,0,0,0,0,0,0,0,0,0,0,0,28:04,25:20
Oliver Pascoe,Titans,Sea Eagles,20,2026,Hooker,80:00,2,16;27,8,7,66,19,0,1,0,0,0,4,1,0,4.39s,5,52,0,124,129,17.71,82.35,42,7,0,0,0,0,0,0,0,1,1,0,0,0,0,0,80:00,-
Tino Fa'asuamaleaui,Titans,Sea Eagles,20,2026,Prop,62:00,0,,0,20,187,79,12,1,0,1,0,5,18,0,3.55s,0,0,2,4,22,0.2,100.0,31,0,0,0,0,0,0,0,0,1,1,0,0,0,0,0,31:09,31:12
Arama Hau,Titans,Sea Eagles,20,2026,2nd Row,66:00,0,,0,7,41,12,0,0,0,0,0,2,7,0,3.81s,0,0,2,0,10,,87.1,27,2,0,0,0,0,0,0,0,1,1,0,0,0,0,0,66:30,-
Beau Fermor,Titans,Sea Eagles,20,2026,2nd Row,80:00,1,57,4,15,120,48,0,1,0,0,0,1,14,0,3.55s,0,0,0,1,16,0.07,81.82,27,5,0,0,0,0,0,0,0,0,0,0,0,0,0,0,80:00,-
Chris Randall,Titans,Sea Eagles,20,2026,Lock,48:00,0,,0,7,52,19,0,0,1,0,0,0,7,0,4.5s,0,0,0,11,19,1.57,92.59,25,1,0,0,0,0,0,0,0,0,0,0,0,0,0,0,28:06,19:50
Josh Patston,Titans,Sea Eagles,20,2026,Interchange,40:00,0,,0,5,52,23,0,0,0,1,0,1,5,0,3.31s,0,0,1,1,6,0.2,76.19,16,5,0,0,0,0,0,0,0,1,1,0,0,0,0,0,26:34,13:30
Klese Haas,Titans,Sea Eagles,20,2026,Interchange,29:00,0,,0,7,54,25,0,0,0,0,0,0,7,0,2.42s,0,0,1,1,8,0.14,88.89,16,1,1,0,0,0,0,0,0,1,1,0,0,0,0,0,29:01,-
Cooper Bai,Titans,Sea Eagles,20,2026,Interchange,21:00,0,,0,4,41,16,0,0,0,0,0,0,3,0,2.24s,0,0,0,4,7,1.0,86.67,13,2,0,0,0,0,0,0,0,0,0,0,0,0,0,0,20:44,-
Sam Verrills,Titans,Sea Eagles,20,2026,Interchange,-,0,,0,0,0,0,0,0,0,0,0,0,0,0,-,0,0,0,0,0,,,0,0,0,0,0,0,0,0,0,0,0,0,0,0,0,0,-,-
Lachlan Ilias,Titans,Sea Eagles,20,2026,Reserve,03:00,0,,0,0,0,0,0,0,0,0,0,0,0,0,-,0,0,0,0,0,,,0,0,0,0,0,0,0,0,0,0,0,0,0,0,0,0,03:05,-
Michael Molo,Titans,Sea Eagles,20,2026,Reserve,-,0,,0,0,0,0,0,0,0,0,0,0,0,0,-,0,0,0,0,0,,,0,0,0,0,0,0,0,0,0,0,0,0,0,0,0,0,-,-
Tom Trbojevic,Sea Eagles,Titans,20,2026,Fullback,21:00,1,1,4,6,38,2,7,0,1,1,0,0,0,0,3.32s,0,0,1,4,8,0.67,,0,1,0,0,0,0,0,0,0,0,0,0,0,0,0,0,21:26,-
Jason Saab,Sea Eagles,Titans,20,2026,Winger,80:00,2,5;22,8,14,223,27,31,2,0,1,0,0,0,0,3.2s,0,0,0,4,21,0.29,100.0,4,0,0,1,0,0,0,0,0,4,3,0,0,0,0,0,80:00,-
Tolutau Koula,Sea Eagles,Titans,20,2026,Centre,80:00,1,79,4,17,226,49,7,1,0,0,0,4,1,0,2.93s,1,11,0,5,21,0.29,57.14,4,0,0,0,0,0,0,0,0,0,0,0,0,0,0,0,80:00,-
Reuben Garrick,Sea Eagles,Titans,20,2026,Centre,80:00,1,62,4,15,139,30,0,1,1,1,0,3,1,0,3.41s,1,12,5,7,22,0.47,85.71,12,1,0,0,0,0,0,0,0,0,0,1,0,0,0,0,80:00,-
Lehi Hopoate,Sea Eagles,Titans,20,2026,Winger,80:00,0,,0,21,185,56,31,0,0,0,0,3,1,0,3.2s,0,0,0,9,31,0.43,50.0,3,1,0,2,0,0,0,0,0,1,1,0,0,0,0,0,80:00,-
Joey Walsh,Sea Eagles,Titans,20,2026,Five-Eighth,80:00,0,,0,14,114,12,0,2,1,1,0,2,0,0,4.42s,1,5,3,43,54,3.07,83.33,25,5,0,0,5,168,0,0,1,1,0,1,0,0,0,0,80:00,-
Jamal Fogarty,Sea Eagles,Titans,20,2026,Halfback,80:00,0,,8,7,42,4,0,0,1,2,0,0,0,0,2.44s,0,0,0,51,64,7.29,82.61,19,3,0,0,11,289,0,3,1,0,0,1,0,0,0,0,80:00,-
Taniela Paseka,Sea Eagles,Titans,20,2026,Prop,55:00,0,,0,11,96,42,11,0,0,0,0,1,10,0,2.98s,0,0,0,0,12,,83.33,30,6,0,0,0,0,0,0,0,2,2,0,1,0,0,0,30:09,25:10
Jake Simpkin,Sea Eagles,Titans,20,2026,Hooker,80:00,0,,0,5,22,4,0,0,1,1,0,0,2,0,3.18s,3,22,0,83,86,16.6,91.38,53,3,0,0,0,0,0,0,0,1,1,0,0,1,0,0,80:00,-
Simione Laiafi,Sea Eagles,Titans,20,2026,Prop,23:00,0,,0,6,65,24,41,0,0,0,0,0,3,0,3.21s,0,0,0,0,6,,83.33,15,1,0,0,0,0,0,0,0,0,0,0,0,0,0,0,14:00,08:35
Haumole Olakau'atu,Sea Eagles,Titans,20,2026,2nd Row,80:00,1,53,4,16,153,67,0,1,1,0,0,9,13,0,2.97s,0,0,2,9,23,0.56,88.89,24,2,0,0,0,0,0,0,0,2,2,0,0,0,0,0,80:00,-
Ethan Bullemor,Sea Eagles,Titans,20,2026,2nd Row,80:00,0,,0,14,101,42,0,0,1,0,0,3,14,0,3.11s,0,0,1,2,16,0.14,93.62,44,1,0,0,0,0,0,0,0,2,1,0,1,0,0,0,80:00,-
Jake Trbojevic,Sea Eagles,Titans,20,2026,Lock,69:00,0,,0,3,22,11,0,0,0,0,0,1,3,0,3.95s,0,0,0,7,10,2.33,92.86,39,1,0,0,0,0,0,0,0,0,0,0,0,0,0,0,49:34,19:30
Josh Feledy,Sea Eagles,Titans,20,2026,Interchange,49:00,0,,0,5,47,16,0,0,0,0,0,3,0,0,2.97s,0,0,0,1,6,0.2,90.0,9,1,0,0,0,0,0,0,0,1,1,1,0,0,1,0,49:00,-
Nathan Brown,Sea Eagles,Titans,20,2026,Interchange,34:00,0,,0,8,65,21,0,0,0,0,0,1,7,0,3.5s,0,0,0,7,14,0.88,91.67,22,1,0,0,0,0,0,0,0,1,0,0,0,0,0,0,34:04,-
Kobe Hetherington,Sea Eagles,Titans,20,2026,Interchange,48:00,0,,0,12,97,34,10,0,0,0,0,3,11,0,3.35s,0,0,0,0,12,,90.0,36,1,0,0,0,0,0,0,0,1,1,0,0,0,0,0,40:50,07:12
Jackson Shereb,Sea Eagles,Titans,20,2026,Interchange,11:00,0,,0,4,41,16,0,0,0,0,0,1,4,0,3.75s,0,0,0,0,4,,100.0,7,0,0,0,0,0,0,0,0,0,0,0,0,0,0,0,11:00,-
Nicholas Lenaz,Sea Eagles,Titans,20,2026,Reserve,-,0,,0,0,0,0,0,0,0,0,0,0,0,0,-,0,0,0,0,0,,,0,0,0,0,0,0,0,0,0,0,0,0,0,0,0,0,-,-
Aaron Schoupp,Sea Eagles,Titans,20,2026,Reserve,-,0,,0,0,0,0,0,0,0,0,0,0,0,0,-,0,0,0,0,0,,,0,0,0,0,0,0,0,0,0,0,0,0,0,0,0,0,-,-
Connor Tracey,Bulldogs,Wests Tigers,20,2026,Fullback,80:00,0,,0,26,209,46,64,0,1,1,0,5,0,0,3.56s,1,9,1,19,39,0.73,100.0,1,0,0,3,0,0,0,0,0,1,0,0,0,0,0,0,80:00,-
Jacob Kiraz,Bulldogs,Wests Tigers,20,2026,Winger,80:00,0,,0,20,169,62,19,0,1,0,0,2,1,0,3.91s,0,0,5,3,26,0.15,100.0,7,0,0,2,1,20,0,0,0,2,2,0,0,0,0,0,80:00,-
Matt Burton,Bulldogs,Wests Tigers,20,2026,Centre,80:00,1,65,16,14,139,48,0,1,2,1,0,1,1,0,3.52s,0,0,1,14,28,1.0,76.19,16,5,0,0,1,20,0,1,0,2,2,1,0,0,0,0,80:00,-
Enari Tuala,Bulldogs,Wests Tigers,20,2026,Centre,80:00,1,22,4,13,154,46,0,2,0,0,0,3,0,0,3.11s,0,0,0,3,17,0.23,78.57,22,5,0,0,0,0,0,0,0,1,1,0,0,0,0,0,80:00,-
Jethro Rinakama,Bulldogs,Wests Tigers,20,2026,Winger,80:00,1,1,4,26,297,89,53,2,0,0,0,4,0,0,3.52s,0,0,0,1,29,0.04,50.0,2,0,0,2,0,0,0,0,0,3,0,0,0,0,0,0,80:00,-
Sean O'Sullivan,Bulldogs,Wests Tigers,20,2026,Five-Eighth,68:00,0,,0,11,80,9,0,0,0,0,0,1,0,0,3.32s,0,0,0,48,62,4.36,100.0,23,0,0,0,10,400,0,1,0,0,0,0,0,0,0,0,67:34,-
Lachlan Galvin,Bulldogs,Wests Tigers,20,2026,Halfback,80:00,0,,0,10,93,36,0,0,0,1,0,1,3,0,3.32s,0,0,0,57,72,5.7,100.0,32,0,0,1,8,216,1,3,2,0,0,0,0,0,0,0,80:00,-
Max King,Bulldogs,Wests Tigers,20,2026,Prop,54:00,0,,0,17,173,68,43,0,0,0,0,2,14,0,3.74s,0,0,2,1,18,0.06,92.59,25,2,0,0,0,0,0,0,0,0,0,0,0,0,0,0,26:16,27:40
Bailey Hayward,Bulldogs,Wests Tigers,20,2026,Hooker,80:00,0,,0,3,31,12,0,0,0,0,0,2,0,0,2.94s,3,31,0,107,108,35.67,88.64,39,2,0,0,0,0,0,0,0,1,1,1,0,0,0,0,80:00,-
Leo Thompson,Bulldogs,Wests Tigers,20,2026,Prop,45:00,0,,0,11,103,37,15,0,0,0,0,0,9,0,3.54s,0,0,0,1,11,0.09,86.67,26,2,0,0,0,0,0,0,0,0,0,0,0,0,0,0,28:08,17:13
Jaeman Salmon,Bulldogs,Wests Tigers,20,2026,2nd Row,59:00,0,,0,14,135,60,0,0,0,0,0,2,14,0,3.14s,0,0,0,10,24,0.71,94.12,32,2,0,0,0,0,0,0,0,1,1,0,1,0,0,0,46:05,06:24
Jacob Preston,Bulldogs,Wests Tigers,20,2026,2nd Row,80:00,0,,0,9,94,44,0,0,1,1,0,1,8,0,3.42s,1,7,1,4,14,0.44,90.63,29,3,0,0,0,0,0,0,0,0,0,0,0,0,0,0,80:00,-
Harry Hayes,Bulldogs,Wests Tigers,20,2026,Interchange,30:00,0,,0,9,72,29,0,0,0,0,0,1,9,0,3.41s,0,0,1,2,12,0.22,92.86,26,2,0,0,0,0,0,0,0,1,1,0,0,0,0,0,26:36,03:25
Josh Curran,Bulldogs,Wests Tigers,20,2026,Lock,56:00,2,6;72,8,8,85,30,4,0,0,0,0,1,5,0,4.1s,2,22,0,5,15,0.63,96.67,29,1,0,1,0,0,0,0,0,1,1,0,0,0,0,0,46:03,10:20
Jack Underhill,Bulldogs,Wests Tigers,20,2026,Reserve,-,0,,0,0,0,0,0,0,0,0,0,0,0,0,-,0,0,0,0,0,,,0,0,0,0,0,0,0,0,0,0,0,0,0,0,0,0,-,-
Lipoi Hopoi,Bulldogs,Wests Tigers,20,2026,Interchange,25:00,0,,0,4,42,17,0,0,0,0,0,0,4,0,3.27s,0,0,0,0,4,,77.78,7,1,0,0,0,0,0,0,0,0,0,0,0,1,0,0,25:00,-
Marcelo Montoya,Bulldogs,Wests Tigers,20,2026,Reserve,-,0,,0,0,0,0,0,0,0,0,0,0,0,0,-,0,0,0,0,0,,,0,0,0,0,0,0,0,0,0,0,0,0,0,0,0,0,-,-
Gordon Chan Kum Tong,Bulldogs,Wests Tigers,20,2026,Interchange,12:00,0,,0,1,35,9,35,0,0,1,0,0,0,0,-,0,0,1,10,12,10.0,87.5,7,1,0,0,1,1,0,0,1,0,0,0,0,0,0,0,12:26,-
Viliame Kikau,Bulldogs,Wests Tigers,20,2026,Interchange,51:00,0,,0,9,79,31,0,0,0,0,0,3,8,0,3.89s,0,0,2,3,11,0.33,93.75,15,0,0,1,0,0,0,0,0,0,0,0,0,0,0,0,50:19,-
Jahream Bula,Wests Tigers,Bulldogs,20,2026,Fullback,80:00,0,,0,26,199,52,74,0,0,0,0,0,0,0,3.49s,0,0,1,18,42,0.69,72.73,8,2,0,2,0,0,0,0,0,3,3,0,0,0,0,0,80:00,-
Sunia Turuva,Wests Tigers,Bulldogs,20,2026,Winger,80:00,0,,0,19,158,49,0,0,0,0,0,4,0,0,3.59s,0,0,0,3,26,0.16,75.0,3,0,0,0,2,10,0,0,2,2,0,0,0,0,0,0,80:00,-
Heamasi Makasini,Wests Tigers,Bulldogs,20,2026,Centre,68:00,0,,0,11,98,41,0,0,0,0,0,1,0,0,3.51s,0,0,0,4,15,0.36,68.42,13,2,0,0,0,0,0,0,0,0,0,0,0,0,0,0,67:35,-
Starford To'a,Wests Tigers,Bulldogs,20,2026,Centre,80:00,0,,0,12,96,40,0,0,0,0,0,5,1,0,3.83s,0,0,1,7,17,0.58,96.0,24,1,0,0,0,0,0,0,0,0,0,0,0,0,0,0,80:00,-
Jeral Skelton,Wests Tigers,Bulldogs,20,2026,Winger,80:00,0,,0,15,122,44,17,0,0,0,0,3,0,0,3.63s,0,0,0,1,16,0.07,80.0,12,3,0,0,1,16,0,0,1,1,1,0,1,0,0,0,80:00,-
Jarome Luai,Wests Tigers,Bulldogs,20,2026,Five-Eighth,80:00,0,,0,12,75,21,0,0,0,0,0,3,0,0,3.58s,1,16,0,39,47,3.25,80.0,24,4,0,0,3,74,1,1,1,1,1,0,0,0,0,0,80:00,-
Adam Doueihi,Wests Tigers,Bulldogs,20,2026,Halfback,80:00,0,,0,16,102,24,0,0,0,0,0,2,0,0,4.07s,1,7,1,36,60,2.25,90.91,20,1,0,0,14,510,0,2,1,1,0,0,0,0,0,0,80:00,-
Terrell May,Wests Tigers,Bulldogs,20,2026,Prop,61:00,0,,0,8,76,30,0,0,0,0,0,4,8,0,3.3s,0,0,3,9,17,1.13,97.5,39,0,0,0,0,0,0,0,0,1,1,0,0,1,0,0,30:53,29:41
Jared Haywood,Wests Tigers,Bulldogs,20,2026,Hooker,16:00,0,,0,0,0,0,0,0,0,0,0,0,0,0,-,0,0,0,15,16,,81.82,18,3,0,0,0,0,0,0,0,1,0,0,0,0,0,0,16:09,-
Fonua Pole,Wests Tigers,Bulldogs,20,2026,Interchange,45:00,0,,0,12,90,36,13,0,0,0,0,1,11,0,3.21s,0,0,0,0,12,,87.1,27,3,0,0,0,0,0,0,0,0,0,0,0,0,0,0,44:17,-
Samuela Fainu,Wests Tigers,Bulldogs,20,2026,2nd Row,80:00,0,,0,11,94,40,1,0,0,0,0,1,9,0,3.27s,0,0,1,2,14,0.18,83.72,36,3,0,0,1,4,0,0,1,1,1,0,0,0,0,0,80:00,-
Sione Fainu,Wests Tigers,Bulldogs,20,2026,2nd Row,47:00,0,,0,7,53,24,0,0,0,0,0,0,7,0,3.31s,0,0,0,1,8,0.14,90.63,29,2,0,0,0,0,0,0,0,0,0,0,0,0,0,0,47:26,-
Alex Twal,Wests Tigers,Bulldogs,20,2026,Lock,53:00,0,,0,10,84,29,0,0,0,0,0,0,10,0,3.69s,0,0,0,2,12,0.2,92.68,38,1,0,0,0,0,0,0,0,0,0,1,0,0,1,0,50:19,12:25
Latu Fainu,Wests Tigers,Bulldogs,20,2026,Interchange,39:00,0,,0,6,30,0,0,0,0,0,0,0,0,0,-,0,0,0,23,23,3.83,80.95,17,2,0,0,0,0,0,0,0,0,0,1,0,0,1,0,39:00,-
Ethan Roberts,Wests Tigers,Bulldogs,20,2026,Interchange,33:00,0,,0,7,53,26,0,0,0,0,0,1,6,0,3.57s,0,0,1,1,7,0.14,87.5,14,0,0,0,0,0,0,0,0,0,0,0,0,0,0,0,33:00,-
Alex Seyfarth,Wests Tigers,Bulldogs,20,2026,Prop,35:00,0,,0,3,19,5,0,0,0,0,0,0,2,0,3s,0,0,0,3,5,1.0,100.0,23,0,0,0,0,0,0,0,0,0,0,1,0,0,0,0,19:20,16:23
Faaletino Tavana,Wests Tigers,Bulldogs,20,2026,Reserve,-,0,,0,0,0,0,0,0,0,0,0,0,0,0,-,0,0,0,0,0,,,0,0,0,0,0,0,0,0,0,0,0,0,0,0,0,0,-,-
Kit Laulilii,Wests Tigers,Bulldogs,20,2026,Reserve,-,0,,0,0,0,0,0,0,0,0,0,0,0,0,-,0,0,0,0,0,,,0,0,0,0,0,0,0,0,0,0,0,0,0,0,0,0,-,-
Apisai Koroisau,Wests Tigers,Bulldogs,20,2026,Interchange,64:00,0,,0,5,51,29,0,0,0,0,0,1,3,0,3.28s,2,31,0,90,99,18.0,94.87,37,2,0,1,3,90,0,0,0,1,0,0,1,0,0,0,64:00,-
Taine Tuaupiki,Warriors,Dragons,20,2026,Fullback,80:00,0,,0,23,215,58,85,1,0,0,0,4,0,0,3.34s,1,10,0,8,30,0.35,83.33,5,1,0,2,0,0,0,0,0,0,0,0,0,0,0,0,80:00,-
Dallin Watene-Zelezniak,Warriors,Dragons,20,2026,Winger,80:00,1,44,4,22,227,86,11,2,0,0,0,3,5,0,3.1s,0,0,0,4,24,0.18,60.0,3,1,0,1,1,12,1,0,1,2,1,1,0,0,0,0,80:00,-
Ali Leiataua,Warriors,Dragons,20,2026,Centre,80:00,0,,0,12,146,43,0,1,2,1,0,2,2,0,3.25s,0,0,0,5,15,0.42,100.0,18,0,0,0,0,0,0,0,0,0,0,1,0,0,0,0,80:00,-
Adam Pompey,Warriors,Dragons,20,2026,Centre,80:00,1,3,4,10,87,28,0,1,0,0,0,2,0,0,4.01s,0,0,0,8,18,0.8,60.0,9,3,0,0,1,0,0,0,1,3,2,0,0,0,0,0,80:00,-
Alofiana Khan-Pereira,Warriors,Dragons,20,2026,Winger,80:00,1,32,4,12,148,25,75,1,0,0,0,2,0,0,4.05s,0,0,0,1,16,0.08,66.67,4,0,0,1,0,0,0,0,0,1,0,0,0,0,0,0,80:00,-
Chanel Harris-Tavita,Warriors,Dragons,20,2026,Five-Eighth,80:00,0,,8,9,57,14,0,0,1,1,0,1,0,0,3.74s,0,0,0,38,55,4.22,76.19,16,4,0,0,13,427,1,3,1,0,0,0,0,0,0,0,80:00,-
Te Maire Martin,Warriors,Dragons,20,2026,Halfback,80:00,0,,0,10,74,11,0,0,0,0,0,2,0,0,2.89s,0,0,0,43,58,4.3,100.0,25,0,0,0,9,199,1,4,1,2,1,0,0,0,0,0,80:00,-
James Fisher-Harris,Warriors,Dragons,20,2026,Prop,60:00,0,,0,18,189,83,10,0,0,0,0,0,17,0,3.18s,0,0,0,4,21,0.22,75.0,24,5,0,0,0,0,0,0,0,0,0,1,0,0,0,0,23:37,24:04
Wayde Egan,Warriors,Dragons,20,2026,Hooker,59:00,0,,0,5,41,10,0,0,0,0,0,0,0,0,5.02s,4,35,0,85,88,17.0,92.86,39,2,0,0,0,0,0,0,0,1,1,0,0,0,0,0,14:55,44:42
Mitchell Barnett,Warriors,Dragons,20,2026,Prop,56:00,0,,0,19,190,64,64,0,0,0,0,0,13,0,3.27s,0,0,0,3,22,0.16,87.1,27,2,0,0,0,0,0,0,0,1,1,0,1,0,0,0,31:01,24:55
Kurt Capewell,Warriors,Dragons,20,2026,2nd Row,80:00,0,,0,9,68,29,11,0,0,0,0,0,7,0,4.17s,0,0,0,3,12,0.33,87.8,36,5,0,2,0,0,0,0,0,0,0,0,0,1,0,0,80:00,-
Jacob Laban,Warriors,Dragons,20,2026,2nd Row,52:00,0,,0,5,37,14,0,0,0,0,0,1,5,0,3.88s,0,0,0,0,6,,86.21,25,4,0,0,0,0,0,0,0,0,0,0,0,0,0,0,52:01,-
Erin Clark,Warriors,Dragons,20,2026,Lock,56:00,0,,0,16,161,64,0,0,0,0,0,0,14,0,3.56s,0,0,0,11,25,0.69,87.88,29,2,0,0,0,0,0,0,0,0,0,1,0,0,0,0,30:59,24:36
Sam Healey,Warriors,Dragons,20,2026,Interchange,21:00,0,,0,4,38,14,0,0,0,0,0,0,0,0,4.35s,4,38,0,35,39,8.75,100.0,5,0,0,0,1,5,0,0,1,0,0,0,0,0,0,0,14:52,05:31
Tanner Stowers-Smith,Warriors,Dragons,20,2026,Interchange,44:00,0,,0,16,155,54,26,0,0,0,0,1,14,0,3.21s,0,0,1,0,16,,85.29,29,2,0,0,0,0,0,0,0,0,0,0,0,0,0,0,44:00,-
Demitric Vaimauga,Warriors,Dragons,20,2026,Interchange,24:00,0,,0,6,78,32,14,0,0,0,0,1,5,0,3.21s,0,0,1,1,7,0.17,100.0,16,0,0,0,0,0,0,0,0,0,0,1,0,0,0,0,24:25,-
Leka Halasima,Warriors,Dragons,20,2026,Interchange,28:00,0,,0,4,41,14,0,0,0,0,0,2,4,0,4.41s,0,0,0,0,4,,92.31,12,0,0,0,0,0,0,0,0,0,0,0,0,0,0,0,28:00,-
Eddie Ieremia-Toeava,Warriors,Dragons,20,2026,Reserve,-,0,,0,0,0,0,0,0,0,0,0,0,0,0,-,0,0,0,0,0,,,0,0,0,0,0,0,0,0,0,0,0,0,0,0,0,0,-,-
Charnze Nicoll-Klokstad,Warriors,Dragons,20,2026,Reserve,-,0,,0,0,0,0,0,0,0,0,0,0,0,0,-,0,0,0,0,0,,,0,0,0,0,0,0,0,0,0,0,0,0,0,0,0,0,-,-
Clinton Gutherson,Dragons,Warriors,20,2026,Fullback,80:00,1,13,4,16,133,33,27,1,0,0,0,0,0,0,3.83s,2,23,0,16,35,1.0,66.67,2,1,0,3,0,0,0,0,0,1,2,0,0,0,0,0,80:00,-
Setu Tu,Dragons,Warriors,20,2026,Winger,80:00,0,,0,20,146,70,10,0,1,0,0,2,0,0,3.94s,1,8,1,3,28,0.15,100.0,2,0,0,1,1,0,0,0,0,6,6,0,0,0,0,0,80:00,-
Mathew Feagai,Dragons,Warriors,20,2026,Centre,80:00,0,,0,16,176,37,0,1,0,0,0,8,2,0,2.92s,0,0,2,3,17,0.19,69.23,9,4,0,0,1,7,0,0,1,0,0,0,0,0,0,0,80:00,-
Valentine Holmes,Dragons,Warriors,20,2026,Centre,80:00,0,,4,10,79,31,0,0,0,0,0,1,0,0,3.18s,0,0,0,0,8,,80.0,12,3,0,0,0,0,0,0,0,2,2,1,0,0,0,0,80:00,-
Tyrell Sloan,Dragons,Warriors,20,2026,Winger,80:00,0,,0,10,53,12,3,0,0,0,0,2,0,0,3.31s,0,0,0,2,13,0.2,75.0,3,1,0,2,0,0,0,0,0,0,0,0,0,0,0,0,80:00,-
Daniel Atkinson,Dragons,Warriors,20,2026,Five-Eighth,80:00,0,,0,7,53,14,0,1,0,0,0,2,0,0,3.8s,1,7,1,20,44,2.86,92.59,25,2,0,0,18,581,0,4,2,1,1,1,0,0,0,0,80:00,-
Kyle Flanagan,Dragons,Warriors,20,2026,Halfback,80:00,0,,0,9,53,11,0,0,0,0,0,0,0,0,3.85s,0,0,0,35,42,3.89,91.3,21,2,0,1,2,64,0,1,0,0,0,1,1,0,0,0,80:00,-
Loko Jnr Pasifiki Tonga,Dragons,Warriors,20,2026,Prop,37:00,0,,0,8,71,23,9,0,0,0,0,2,7,0,3.19s,0,0,0,1,9,0.13,95.83,23,1,0,0,0,0,0,0,0,0,0,1,0,0,0,0,20:35,15:51
Damien Cook,Dragons,Warriors,20,2026,Hooker,37:00,0,,0,1,17,4,0,0,0,0,0,0,0,0,3.56s,1,17,0,38,39,38.0,100.0,23,0,0,0,0,0,0,0,0,0,0,1,0,0,0,0,31:54,04:41
Toby Couchman,Dragons,Warriors,20,2026,Prop,80:00,0,,0,18,167,82,0,0,0,0,0,4,18,0,3.32s,0,0,2,3,21,0.17,93.33,56,2,0,0,0,0,0,0,0,0,0,0,0,0,0,0,80:00,-
Dylan Egan,Dragons,Warriors,20,2026,2nd Row,80:00,0,,0,10,79,31,0,0,0,0,0,3,10,0,3.22s,0,0,0,5,16,0.5,97.87,46,1,0,0,1,2,0,0,0,0,0,1,2,0,0,0,80:00,-
Hamish Stewart,Dragons,Warriors,20,2026,2nd Row,75:00,1,35,4,10,88,20,0,1,1,1,0,2,9,0,2.59s,0,0,0,13,22,1.3,92.16,47,2,0,0,0,0,0,0,0,0,0,0,0,0,0,0,57:40,17:33
Ryan Couchman,Dragons,Warriors,20,2026,Lock,72:00,0,,0,14,125,54,0,0,0,0,0,2,14,0,3.36s,0,0,2,0,14,,100.0,47,0,0,0,0,0,0,0,0,0,0,1,0,0,0,0,55:52,15:43
Jacob Liddle,Dragons,Warriors,20,2026,Interchange,43:00,0,,0,4,33,6,0,0,0,0,0,2,2,0,2s,2,13,0,71,75,17.75,97.06,33,1,0,0,1,16,0,0,1,0,1,0,1,0,0,0,43:25,-
Luciano Leilua,Dragons,Warriors,20,2026,Interchange,22:00,0,,0,3,19,11,0,0,0,0,0,0,3,0,3.44s,0,0,0,1,4,0.33,90.0,9,0,0,0,0,0,0,0,0,0,0,0,0,0,0,0,22:00,-
Josh Kerr,Dragons,Warriors,20,2026,Interchange,08:00,0,,0,3,33,16,0,0,0,0,0,0,3,0,2.74s,0,0,1,0,3,,100.0,9,0,0,0,0,0,0,0,0,0,0,0,0,0,0,0,08:25,-
Jacob Halangahu,Dragons,Warriors,20,2026,Interchange,26:00,0,,0,6,60,27,13,0,0,0,0,1,5,0,3.43s,0,0,0,0,6,,94.74,18,1,0,0,0,0,0,0,0,0,0,0,0,0,0,0,26:01,-
Moses Suli,Dragons,Warriors,20,2026,Reserve,-,0,,0,0,0,0,0,0,0,0,0,0,0,0,-,0,0,0,0,0,,,0,0,0,0,0,0,0,0,0,0,0,0,0,0,0,0,-,-
Lyhkan King-Togia,Dragons,Warriors,20,2026,Reserve,-,0,,0,0,0,0,0,0,0,0,0,0,0,0,-,0,0,0,0,0,,,0,0,0,0,0,0,0,0,0,0,0,0,0,0,0,0,-,-
Kaeo Weekes,Raiders,Rabbitohs,20,2026,Fullback,80:00,2,19;27,8,12,135,12,60,1,0,0,0,5,0,0,3.28s,1,8,1,20,35,1.67,100.0,2,0,0,2,1,12,0,1,0,1,2,0,0,0,0,0,80:00,-
Jed Stuart,Raiders,Rabbitohs,20,2026,Winger,80:00,1,57,4,14,152,22,5,0,1,1,0,3,1,0,3.09s,1,11,1,1,18,0.07,87.5,7,0,0,4,0,0,0,0,0,1,2,1,0,0,0,0,80:00,-
Simi Sasagi,Raiders,Rabbitohs,20,2026,Centre,80:00,0,,0,24,210,73,0,0,0,0,0,4,0,0,2.87s,1,12,0,4,25,0.17,79.17,19,3,0,1,0,0,0,0,0,0,0,0,0,0,0,0,80:00,-
Matthew Timoko,Raiders,Rabbitohs,20,2026,Centre,80:00,0,,0,13,95,30,0,0,0,0,0,3,1,0,3.16s,0,0,1,2,12,0.15,82.35,14,1,0,0,0,0,0,0,0,1,0,0,0,0,0,0,80:00,-
Xavier Savage,Raiders,Rabbitohs,20,2026,Winger,80:00,0,,0,11,86,30,0,0,0,0,0,2,1,0,3.12s,0,0,0,10,23,0.91,66.67,4,1,0,1,0,0,0,0,0,2,2,0,0,0,0,0,80:00,-
Ethan Strange,Raiders,Rabbitohs,20,2026,Five-Eighth,80:00,0,,0,6,109,5,0,1,0,2,0,2,0,0,6.08s,2,22,1,16,18,2.67,89.29,25,3,1,0,0,0,0,0,0,1,0,1,1,0,0,0,80:00,-
Ethan Sanders,Raiders,Rabbitohs,20,2026,Halfback,80:00,0,,10,2,16,6,0,0,2,1,0,0,0,0,4.06s,0,0,0,29,48,14.5,77.78,14,2,0,0,17,732,0,6,0,0,0,0,0,0,0,0,80:00,-
Corey Horsburgh,Raiders,Rabbitohs,20,2026,Interchange,40:00,0,,0,10,67,23,0,0,0,0,0,0,10,0,2.86s,0,0,1,3,13,0.3,97.22,35,0,0,0,0,0,0,0,0,0,0,0,0,0,0,0,40:15,-
Owen Pattie,Raiders,Rabbitohs,20,2026,Hooker,61:00,1,2,4,5,56,7,0,0,1,1,0,1,1,0,4.08s,4,39,1,76,81,15.2,80.39,41,8,0,0,2,98,0,0,0,0,0,0,3,0,0,0,61:21,-
Joseph Tapine,Raiders,Rabbitohs,20,2026,Prop,42:00,0,,0,17,163,49,39,0,0,0,0,2,13,0,3.01s,0,0,1,3,19,0.18,92.31,24,1,1,0,0,0,0,0,0,0,0,0,0,0,0,0,28:19,14:14
Hudson Young,Raiders,Rabbitohs,20,2026,2nd Row,54:00,1,9,4,11,83,31,0,1,0,0,0,3,11,0,3.16s,0,0,0,1,12,0.09,80.95,17,3,0,0,0,0,0,0,0,0,0,1,0,0,0,0,54:27,-
Noah Martin,Raiders,Rabbitohs,20,2026,2nd Row,80:00,1,24,4,9,79,24,0,1,0,0,0,4,9,0,2.85s,0,0,0,4,15,0.44,92.11,35,3,0,0,0,0,0,0,0,1,1,0,1,0,0,0,80:00,-
Zac Hosking,Raiders,Rabbitohs,20,2026,Lock,78:00,0,,0,14,116,51,0,0,0,0,0,0,13,0,2.88s,1,7,1,1,15,0.07,95.24,40,2,0,0,0,0,0,0,0,0,0,0,0,0,0,0,52:31,25:33
Tom Starling,Raiders,Rabbitohs,20,2026,Interchange,19:00,0,,0,4,29,9,0,0,0,0,0,0,2,0,3.05s,2,21,0,22,27,5.5,85.71,12,1,0,0,0,0,0,0,0,2,2,0,0,0,0,0,19:00,-
Ata Mariota,Raiders,Rabbitohs,20,2026,Prop,49:00,0,,0,9,91,42,18,0,0,0,0,1,7,0,2.92s,0,0,0,1,10,0.11,91.89,34,2,0,0,0,0,0,0,0,0,0,0,0,0,0,0,25:31,23:27
Josh Papalii,Raiders,Rabbitohs,20,2026,Interchange,29:00,0,,0,2,28,12,16,0,0,0,0,0,1,0,3.46s,0,0,0,0,2,,91.3,21,1,0,0,0,0,0,0,0,0,0,0,0,0,0,0,28:14,-
Daine Laurie,Raiders,Rabbitohs,20,2026,Interchange,27:00,0,,0,7,57,19,0,0,0,0,0,1,6,0,3.92s,1,7,0,1,10,0.14,82.61,19,3,0,1,1,15,0,0,1,0,0,0,0,0,0,0,27:00,-
Savelio Tamale,Raiders,Rabbitohs,20,2026,Reserve,-,0,,0,0,0,0,0,0,0,0,0,0,0,0,-,0,0,0,0,0,,,0,0,0,0,0,0,0,0,0,0,0,0,0,0,0,0,-,-
Morgan Smithies,Raiders,Rabbitohs,20,2026,Reserve,-,0,,0,0,0,0,0,0,0,0,0,0,0,0,-,0,0,0,0,0,,,0,0,0,0,0,0,0,0,0,0,0,0,0,0,0,0,-,-
Matthew Dufty,Rabbitohs,Raiders,20,2026,Fullback,80:00,0,,0,21,203,56,89,0,0,0,0,4,1,0,3.59s,0,0,0,9,34,0.43,50.0,1,1,0,2,1,42,0,0,0,0,1,0,0,0,0,0,80:00,-
Alex Johnston,Rabbitohs,Raiders,20,2026,Winger,80:00,1,46,4,11,104,33,0,1,1,1,0,1,3,0,3.33s,0,0,1,13,25,1.18,62.5,5,3,0,1,0,0,0,0,0,1,1,0,0,0,0,0,80:00,-
Tallis Duncan,Rabbitohs,Raiders,20,2026,Centre,80:00,0,,0,17,143,58,0,0,0,0,0,3,0,0,3.35s,1,7,2,3,20,0.18,86.67,26,3,0,0,0,0,0,0,0,0,0,0,0,0,0,0,80:00,-
Jack Wighton,Rabbitohs,Raiders,20,2026,Centre,80:00,0,,0,16,136,40,0,0,0,0,0,4,0,0,3.11s,0,0,0,5,19,0.31,90.91,10,1,0,0,0,0,0,0,0,2,0,0,0,0,0,0,80:00,-
Campbell Graham,Rabbitohs,Raiders,20,2026,Winger,80:00,0,,0,16,152,41,39,1,0,0,0,6,1,0,4.38s,1,10,1,4,21,0.25,60.0,3,2,0,1,0,0,0,0,0,1,2,1,0,0,0,0,80:00,-
Cody Walker,Rabbitohs,Raiders,20,2026,Five-Eighth,80:00,1,65,4,7,48,11,0,1,1,1,0,0,0,0,4.44s,0,0,1,49,60,7.0,86.96,20,3,0,0,3,67,1,2,1,2,1,0,0,0,0,0,80:00,-
Ashton Ward,Rabbitohs,Raiders,20,2026,Halfback,80:00,1,14,12,11,74,6,0,1,1,1,0,1,0,0,5.04s,0,0,0,54,71,4.91,78.95,15,3,0,0,14,429,2,9,0,1,1,0,0,0,0,0,80:00,-
Tevita Tatola,Rabbitohs,Raiders,20,2026,Prop,40:00,0,,0,15,128,54,0,0,0,0,0,0,15,0,3.26s,0,0,0,3,18,0.2,87.5,21,1,0,0,0,0,0,0,0,1,1,0,0,0,0,0,25:50,14:15
Brandon Smith,Rabbitohs,Raiders,20,2026,Hooker,49:00,0,,0,6,94,38,0,1,1,1,0,2,0,0,2.67s,6,94,1,54,60,9.0,95.83,23,1,0,0,0,0,0,0,0,1,1,0,0,0,0,0,22:42,25:34
Keaon Koloamatangi,Rabbitohs,Raiders,20,2026,Prop,66:00,0,,0,18,191,70,71,0,0,0,0,3,13,0,3.56s,0,0,1,1,19,0.06,96.97,32,0,0,0,0,0,0,0,0,1,1,0,0,0,0,0,53:59,11:46
David Fifita,Rabbitohs,Raiders,20,2026,2nd Row,80:00,0,,0,14,116,50,0,0,0,0,0,1,14,0,3.67s,0,0,4,2,17,0.14,93.33,28,2,0,0,0,0,0,0,0,2,2,2,0,0,0,0,80:00,-
Euan Aitken,Rabbitohs,Raiders,20,2026,2nd Row,80:00,0,,0,15,145,51,0,0,0,0,0,3,13,0,3.42s,2,20,1,3,18,0.2,91.67,44,3,0,0,1,28,0,0,0,0,0,0,1,0,0,0,80:00,-
Cameron Murray,Rabbitohs,Raiders,20,2026,Lock,70:00,1,49,4,15,152,45,0,1,0,0,0,2,12,0,3.38s,0,0,0,16,28,1.07,93.02,40,2,0,0,0,0,0,0,0,0,0,1,0,0,0,0,54:25,15:22
Jye Gray,Rabbitohs,Raiders,20,2026,Reserve,-,0,,0,0,0,0,0,0,0,0,0,0,0,0,-,0,0,0,0,0,,,0,0,0,0,0,0,0,0,0,0,0,0,0,0,0,0,-,-
Lachlan Hubner,Rabbitohs,Raiders,20,2026,Interchange,37:00,0,,0,8,70,31,0,0,0,0,0,4,8,0,3.42s,0,0,0,1,9,0.13,85.71,24,3,0,0,0,0,0,0,0,0,0,0,0,0,0,0,28:36,09:02
Liam Le Blanc,Rabbitohs,Raiders,20,2026,Reserve,-,0,,0,0,0,0,0,0,0,0,0,0,0,0,-,0,0,0,0,0,,,0,0,0,0,0,0,0,0,0,0,0,0,0,0,0,0,-,-
Jamie Humphreys,Rabbitohs,Raiders,20,2026,Interchange,42:00,0,,0,3,27,7,0,0,0,0,0,0,2,0,3.49s,1,15,0,43,47,14.33,87.5,28,3,0,0,1,60,0,0,0,0,0,0,0,0,0,0,41:56,-
Latrell Siegwalt,Rabbitohs,Raiders,20,2026,Reserve,-,0,,0,0,0,0,0,0,0,0,0,0,0,0,-,0,0,0,0,0,,,0,0,0,0,0,0,0,0,0,0,0,0,0,0,0,0,-,-
John Radel,Rabbitohs,Raiders,20,2026,Interchange,17:00,0,,0,3,36,4,36,0,0,0,0,0,0,0,3.93s,0,0,0,0,3,,92.86,13,0,0,0,0,0,0,0,0,0,0,0,0,0,0,0,16:33,-
Dylan Edwards,Panthers,Broncos,20,2026,Fullback,80:00,0,,0,19,146,32,47,0,2,2,0,2,0,0,4.14s,1,6,0,22,39,1.16,100.0,4,0,0,5,1,2,0,0,1,2,1,0,0,0,0,0,80:00,-
Thomas Jenkins,Panthers,Broncos,20,2026,Winger,80:00,0,,0,18,180,52,13,1,0,0,0,1,0,0,3.3s,0,0,3,2,20,0.11,90.0,9,0,0,1,2,23,0,0,2,0,0,0,0,0,0,0,80:00,-
Paul Alamoti,Panthers,Broncos,20,2026,Centre,80:00,0,,0,11,124,39,0,0,1,0,0,3,0,0,3.95s,0,0,0,5,14,0.45,85.19,23,4,0,0,0,0,0,0,0,1,1,0,0,0,0,0,80:00,-
Casey McLean,Panthers,Broncos,20,2026,Centre,80:00,0,,0,10,91,24,0,0,1,0,0,1,0,0,3.77s,1,12,0,4,14,0.4,52.63,10,9,0,1,0,0,0,0,0,2,1,0,0,0,0,0,80:00,-
Brian To'o,Panthers,Broncos,20,2026,Winger,80:00,2,12;31,8,21,223,71,25,3,0,0,0,4,0,0,3.53s,0,0,0,4,26,0.19,90.91,10,1,0,0,1,7,0,0,1,1,1,1,0,0,0,0,80:00,-
Blaize Talagi,Panthers,Broncos,20,2026,Five-Eighth,80:00,0,,0,8,67,26,0,0,0,0,0,1,0,0,3s,2,16,0,15,24,1.88,79.31,23,3,0,1,0,0,0,0,0,1,2,0,0,0,0,0,80:00,-
Nathan Cleary,Panthers,Broncos,20,2026,Halfback,80:00,0,,4,7,33,5,0,0,0,0,0,0,0,0,2.52s,0,0,1,34,57,4.86,83.87,26,5,0,1,18,413,0,7,2,2,2,1,0,1,0,0,80:00,-
Moses Leota,Panthers,Broncos,20,2026,Prop,47:00,0,,0,10,84,26,0,0,0,0,0,0,10,0,3.01s,0,0,0,2,12,0.2,97.14,34,1,0,0,0,0,0,0,0,0,0,0,0,0,0,0,24:09,22:53
Freddy Lussick,Panthers,Broncos,20,2026,Hooker,62:00,0,,0,3,24,10,0,0,0,0,0,0,0,0,2.96s,3,24,0,93,96,31.0,91.67,33,3,0,0,1,29,0,0,0,0,0,0,0,0,0,0,61:52,-
Lindsay Smith,Panthers,Broncos,20,2026,Prop,46:00,0,,0,10,94,29,18,0,0,0,0,1,7,0,2.99s,0,0,1,7,16,0.7,97.14,34,1,0,0,0,0,0,0,0,0,0,0,0,0,0,0,21:43,15:19
Isaiah Papali'i,Panthers,Broncos,20,2026,2nd Row,80:00,0,,0,15,133,56,0,0,0,0,0,0,15,0,4.01s,0,0,1,3,20,0.2,92.68,38,2,0,0,1,9,0,0,1,1,0,2,1,0,0,0,80:00,-
Liam Martin,Panthers,Broncos,20,2026,2nd Row,80:00,0,,0,9,87,30,0,0,0,0,0,4,9,0,3.02s,0,0,0,4,13,0.44,97.96,48,1,0,0,0,0,0,0,0,2,2,0,0,1,0,0,80:00,-
Isaah Yeo,Panthers,Broncos,20,2026,Lock,65:00,0,,0,11,103,37,0,0,0,0,0,0,9,0,3.47s,0,0,0,7,16,0.64,98.0,49,1,0,0,0,0,0,0,0,0,0,1,0,0,0,0,35:33,29:08
Jack Cole,Panthers,Broncos,20,2026,Reserve,-,0,,0,0,0,0,0,0,0,0,0,0,0,0,-,0,0,0,0,0,,,0,0,0,0,0,0,0,0,0,0,0,0,0,0,0,0,-,-
Scott Sorensen,Panthers,Broncos,20,2026,Interchange,36:00,0,,0,6,100,33,0,1,0,0,0,0,6,0,3.62s,0,0,0,2,8,0.33,91.3,21,1,0,0,0,0,0,0,0,0,0,0,0,0,0,0,30:24,05:50
Liam Henry,Panthers,Broncos,20,2026,Interchange,26:00,0,,0,9,80,28,18,0,0,0,0,1,7,0,3.77s,0,0,0,3,12,0.33,95.0,19,1,0,0,0,0,0,0,0,0,0,0,0,0,0,0,26:15,-
Billy Phillips,Panthers,Broncos,20,2026,Interchange,20:00,0,,0,2,18,9,0,0,0,0,0,0,2,0,3.58s,0,0,0,0,2,,100.0,12,0,0,0,0,0,0,0,0,0,0,0,1,0,0,0,19:37,-
Izack Tago,Panthers,Broncos,20,2026,Reserve,-,0,,0,0,0,0,0,0,0,0,0,0,0,0,-,0,0,0,0,0,,,0,0,0,0,0,0,0,0,0,0,0,0,0,0,0,0,-,-
Billy Scott,Panthers,Broncos,20,2026,Interchange,18:00,0,,0,0,0,0,0,0,0,0,0,0,0,0,-,0,0,0,18,18,,100.0,14,0,0,0,0,0,0,0,0,1,1,2,0,0,0,0,18:00,-
Reece Walsh,Broncos,Panthers,20,2026,Fullback,80:00,0,,2,18,134,29,16,1,3,3,0,6,0,0,4.88s,1,7,1,61,86,3.39,100.0,2,0,0,3,15,495,0,5,3,0,0,1,0,0,0,0,80:00,-
Josiah Karapani,Broncos,Panthers,20,2026,Winger,80:00,1,68,4,19,173,49,49,2,0,0,0,5,1,0,3.66s,0,0,0,1,21,0.05,100.0,8,0,0,1,0,0,0,0,0,1,1,0,0,0,0,0,80:00,-
Kotoni Staggs,Broncos,Panthers,20,2026,Centre,80:00,1,22,4,17,152,60,0,1,1,0,0,10,1,0,3.91s,1,17,1,7,22,0.41,81.82,9,1,0,1,0,0,0,0,0,0,0,0,0,0,0,0,80:00,-
Gehamat Shibasaki,Broncos,Panthers,20,2026,Centre,80:00,0,,0,23,198,79,0,0,0,0,0,4,2,0,4.1s,1,4,0,8,27,0.35,75.0,12,4,0,0,0,0,0,0,0,0,0,0,0,0,0,0,80:00,-
Deine Mariner,Broncos,Panthers,20,2026,Winger,80:00,0,,0,12,81,27,10,0,0,0,0,0,0,0,3.74s,0,0,0,3,16,0.25,55.56,5,2,0,0,0,0,0,0,0,1,1,0,0,0,0,0,80:00,-
Ezra Mam,Broncos,Panthers,20,2026,Five-Eighth,80:00,0,,0,9,74,34,0,0,0,0,0,1,0,0,4.38s,0,0,0,28,40,3.11,72.22,13,5,0,0,3,37,1,0,2,1,0,0,0,0,0,0,80:00,-
Adam Reynolds,Broncos,Panthers,20,2026,Halfback,80:00,0,,0,10,68,18,0,0,0,0,0,2,0,0,5.48s,0,0,1,41,56,4.1,92.86,26,1,0,0,6,188,2,2,1,3,3,0,0,0,0,0,80:00,-
Xavier Willison,Broncos,Panthers,20,2026,Prop,80:00,0,,0,22,225,126,8,0,0,0,0,1,21,0,3.3s,0,0,0,0,23,,94.29,33,1,0,0,0,0,0,0,0,1,1,0,1,0,0,0,80:00,-
Cory Paix,Broncos,Panthers,20,2026,Hooker,53:00,0,,0,1,7,4,0,0,0,0,0,0,0,0,2.44s,1,7,0,72,73,72.0,100.0,43,0,0,0,0,0,0,0,0,0,0,0,0,0,0,0,53:23,-
Payne Haas,Broncos,Panthers,20,2026,Prop,74:00,0,,0,15,161,91,11,0,0,0,0,0,14,0,3.03s,0,0,0,3,18,0.2,100.0,45,0,0,0,0,0,0,0,0,0,0,1,1,0,0,0,27:25,46:32
Brendan Piakura,Broncos,Panthers,20,2026,2nd Row,13:00,0,,0,2,12,7,0,0,0,0,0,0,2,0,3.66s,0,0,0,0,2,,100.0,6,0,0,0,0,0,0,0,0,0,0,0,1,0,0,0,13:00,-
Jordan Riki,Broncos,Panthers,20,2026,2nd Row,80:00,1,4,4,20,174,91,0,0,0,0,0,3,19,0,3.57s,1,0,1,3,25,0.15,92.68,38,2,0,0,0,0,0,0,0,1,1,0,0,0,0,0,80:00,-
Patrick Carrigan,Broncos,Panthers,20,2026,Lock,80:00,0,,0,14,126,61,7,0,0,0,0,0,13,0,3.27s,0,0,0,15,29,1.07,97.96,48,0,0,0,0,0,0,0,0,0,0,0,0,0,0,0,80:00,-
Ben Hunt,Broncos,Panthers,20,2026,Interchange,27:00,0,,0,2,0,0,0,0,0,0,0,0,1,0,5.44s,0,0,0,61,63,30.5,90.91,10,1,0,0,1,49,0,0,0,0,0,0,0,0,0,0,27:00,-
Ben Talty,Broncos,Panthers,20,2026,Interchange,35:00,0,,0,8,70,20,13,0,0,0,0,0,7,0,4.61s,0,0,0,0,8,,93.94,31,1,0,0,0,0,0,0,0,0,0,0,1,0,0,0,24:03,10:30
Preston Riki,Broncos,Panthers,20,2026,Interchange,39:00,0,,0,11,78,27,8,0,0,0,0,1,10,0,2.86s,0,0,0,0,11,,100.0,18,0,0,0,0,0,0,0,0,0,0,0,1,0,0,0,20:53,18:02
Grant Anderson,Broncos,Panthers,20,2026,Reserve,-,0,,0,0,0,0,0,0,0,0,0,0,0,0,-,0,0,0,0,0,,,0,0,0,0,0,0,0,0,0,0,0,0,0,0,0,0,-,-
Va'a Semu,Broncos,Panthers,20,2026,Reserve,-,0,,0,0,0,0,0,0,0,0,0,0,0,0,-,0,0,0,0,0,,,0,0,0,0,0,0,0,0,0,0,0,0,0,0,0,0,-,-
Hayze Perham,Broncos,Panthers,20,2026,Reserve,-,0,,0,0,0,0,0,0,0,0,0,0,0,0,-,0,0,0,0,0,,,0,0,0,0,0,0,0,0,0,0,0,0,0,0,0,0,-,-
Cody Ramsey,Roosters,Storm,20,2026,Fullback,80:00,0,,0,19,192,52,100,0,1,1,0,5,0,0,3.8s,1,6,0,13,30,0.68,50.0,1,1,0,1,0,0,0,0,0,0,0,0,0,0,0,0,80:00,-
Daniel Tupou,Roosters,Storm,20,2026,Winger,80:00,1,74,4,21,173,60,50,1,0,0,0,5,0,0,3.76s,0,0,0,5,24,0.24,80.0,4,1,0,4,0,0,0,0,0,0,0,0,1,0,0,0,80:00,-
Billy Smith,Roosters,Storm,20,2026,Centre,80:00,1,25,4,16,153,44,0,2,1,1,0,2,0,0,3.84s,0,0,1,5,21,0.31,92.0,23,0,0,0,0,0,0,0,0,3,3,0,0,0,0,0,80:00,-
Hugo Savala,Roosters,Storm,20,2026,Centre,80:00,0,,0,14,95,39,5,0,0,0,0,2,0,0,4.55s,1,3,0,9,23,0.64,90.48,19,1,0,1,0,0,0,0,0,2,2,0,0,0,0,0,80:00,-
Mark Nawaqanitawase,Roosters,Storm,20,2026,Winger,80:00,0,,0,21,169,80,56,0,0,1,0,4,0,0,4.33s,1,4,0,5,27,0.24,100.0,7,0,0,2,2,31,0,0,2,4,4,0,0,0,0,0,80:00,-
Daly Cherry-Evans,Roosters,Storm,20,2026,Five-Eighth,80:00,0,,0,12,58,12,0,0,0,1,0,1,0,0,3.99s,0,0,1,40,63,3.33,91.3,21,1,0,0,15,518,0,4,0,2,1,0,0,0,0,0,80:00,-
Sam Walker,Roosters,Storm,20,2026,Halfback,80:00,0,,2,20,106,17,0,0,1,0,0,2,0,0,3.54s,4,21,2,57,77,2.85,90.48,19,2,0,1,11,225,0,4,0,0,0,0,1,0,0,0,80:00,-
Naufahu Whyte,Roosters,Storm,20,2026,Prop,51:00,0,,0,19,180,94,13,0,0,0,0,1,18,0,3.55s,0,0,3,3,22,0.16,91.3,21,1,0,0,0,0,0,0,0,1,1,0,0,0,0,0,30:06,21:07
Reece Robson,Roosters,Storm,20,2026,Hooker,80:00,0,,0,5,44,17,0,0,0,0,0,0,0,0,3.61s,5,44,0,115,119,23.0,94.44,51,1,0,0,0,0,0,0,0,0,0,0,1,1,0,0,80:00,-
Spencer Leniu,Roosters,Storm,20,2026,Prop,34:00,0,,0,9,81,40,0,0,0,0,0,1,8,0,2.83s,0,0,1,2,10,0.22,87.5,14,2,0,0,0,0,0,0,0,0,0,0,0,0,0,0,23:00,10:48
Nat Butcher,Roosters,Storm,20,2026,2nd Row,80:00,0,,0,14,104,47,0,0,0,0,0,0,13,0,3.65s,0,0,0,8,22,0.57,92.73,51,1,0,1,0,0,0,0,0,0,0,1,0,0,0,0,80:00,-
Siua Wong,Roosters,Storm,20,2026,2nd Row,80:00,1,5,4,14,103,43,0,0,0,0,0,0,14,0,3.37s,0,0,0,1,16,0.07,91.3,42,3,0,0,0,0,0,0,0,0,0,0,0,0,0,0,80:00,-
Victor Radley,Roosters,Storm,20,2026,Lock,51:00,0,,0,15,116,41,0,0,0,0,0,2,10,0,4.03s,1,6,0,7,20,0.47,97.06,33,1,0,0,1,32,1,0,0,0,0,0,1,0,0,0,24:38,25:38
Connor Watson,Roosters,Storm,20,2026,Interchange,44:00,0,,0,12,72,10,0,0,0,0,0,1,5,0,2.85s,0,0,0,15,22,1.25,94.29,33,2,0,0,1,1,0,0,0,1,1,1,0,0,0,0,29:43,14:51
Salesi Foketi,Roosters,Storm,20,2026,Interchange,24:00,0,,0,8,56,25,0,0,0,0,0,1,8,0,3.4s,0,0,0,1,9,0.13,86.67,13,0,0,0,0,0,0,0,0,0,0,0,0,0,0,0,24:16,-
Egan Butcher,Roosters,Storm,20,2026,Interchange,36:00,0,,0,9,75,32,0,0,0,0,0,0,8,0,3.91s,0,0,0,1,10,0.11,92.31,24,0,0,0,0,0,0,0,0,0,0,0,0,0,0,0,35:53,-
Taylor Losalu,Roosters,Storm,20,2026,Reserve,-,0,,0,0,0,0,0,0,0,0,0,0,0,0,-,0,0,0,0,0,,,0,0,0,0,0,0,0,0,0,0,0,0,0,0,0,0,-,-
Rex Bassingthwaighte,Roosters,Storm,20,2026,Reserve,-,0,,0,0,0,0,0,0,0,0,0,0,0,0,-,0,0,0,0,0,,,0,0,0,0,0,0,0,0,0,0,0,0,0,0,0,0,-,-
Tommy Talau,Roosters,Storm,20,2026,Reserve,-,0,,0,0,0,0,0,0,0,0,0,0,0,0,-,0,0,0,0,0,,,0,0,0,0,0,0,0,0,0,0,0,0,0,0,0,0,-,-
Sualauvi Faalogo,Storm,Roosters,20,2026,Fullback,80:00,0,,0,24,167,20,72,0,0,0,0,2,0,0,4.03s,3,11,3,17,39,0.71,55.56,5,3,0,2,1,17,1,0,0,0,0,0,0,0,0,0,80:00,-
Will Warbrick,Storm,Roosters,20,2026,Winger,28:00,0,,0,6,47,14,12,0,0,0,0,0,0,0,3.4s,0,0,0,1,10,0.17,,0,0,0,2,0,0,0,0,0,3,2,0,0,0,0,0,27:33,-
Jack Howarth,Storm,Roosters,20,2026,Centre,80:00,0,,0,15,97,40,0,0,0,0,0,1,0,0,2.84s,1,1,0,0,16,,80.95,17,4,0,0,0,0,0,0,0,0,0,0,0,0,0,0,80:00,-
Nick Meaney,Storm,Roosters,20,2026,Centre,80:00,0,,2,16,107,38,0,0,0,0,0,1,0,0,3.17s,1,8,0,1,20,0.06,75.0,9,2,0,0,0,0,0,0,0,2,3,0,0,0,0,0,80:00,-
Tyran Wishart,Storm,Roosters,20,2026,Five-Eighth,80:00,0,,0,9,68,15,0,1,0,0,0,2,0,0,3.51s,2,14,0,40,57,4.44,96.88,31,0,0,0,12,425,0,3,1,0,0,0,0,0,0,0,80:00,-
Trent Toelau,Storm,Roosters,20,2026,Halfback,80:00,0,,0,12,60,5,0,0,1,0,0,1,0,0,5.52s,0,0,2,43,51,3.58,84.62,33,3,0,0,5,165,0,3,0,0,0,0,0,0,0,0,80:00,-
Stefano Utoikamanu,Storm,Roosters,20,2026,Prop,51:00,1,57,4,15,144,57,31,1,0,0,0,4,13,0,3.08s,0,0,1,0,15,,87.5,28,2,0,0,0,0,0,0,0,0,0,0,0,0,0,0,19:07,28:02
Harry Grant,Storm,Roosters,20,2026,Hooker,80:00,0,,0,9,51,11,0,0,1,1,0,0,0,0,3.63s,6,40,0,111,120,12.33,92.31,48,2,0,0,6,184,0,0,2,1,1,1,0,0,0,0,80:00,-
Josh King,Storm,Roosters,20,2026,Prop,65:00,0,,0,12,113,49,0,0,0,0,0,0,12,0,3.22s,0,0,0,0,13,,90.0,36,2,0,1,0,0,0,0,0,1,0,0,0,0,0,0,40:01,24:36
Cooper Clarke,Storm,Roosters,20,2026,2nd Row,80:00,0,,0,16,113,44,0,0,0,0,0,1,15,0,3.45s,1,6,1,3,20,0.19,96.08,49,0,0,0,0,0,0,0,0,0,0,0,1,0,0,0,80:00,-
Oryn Keeley,Storm,Roosters,20,2026,2nd Row,80:00,0,,0,20,149,56,0,0,0,0,0,1,4,0,3.29s,0,0,0,2,22,0.1,87.8,36,5,0,1,0,0,0,0,0,1,0,0,0,0,0,0,80:00,-
Trent Loiero,Storm,Roosters,20,2026,Lock,50:00,0,,0,9,55,15,0,0,0,0,0,1,7,0,3.25s,0,0,0,16,24,1.78,90.24,37,3,0,0,1,34,0,0,0,0,0,0,0,0,0,0,20:40,28:31
Gabriel Satrick,Storm,Roosters,20,2026,Reserve,-,0,,0,0,0,0,0,0,0,0,0,0,0,0,-,0,0,0,0,0,,,0,0,0,0,0,0,0,0,0,0,0,0,0,0,0,0,-,-
Jack Hetherington,Storm,Roosters,20,2026,Interchange,30:00,0,,0,6,45,20,0,0,0,0,0,1,6,0,2.94s,0,0,1,1,7,0.17,100.0,15,0,0,0,0,0,0,0,0,1,1,2,0,0,0,0,30:49,-
Josiah Pahulu,Storm,Roosters,20,2026,Reserve,-,0,,0,0,0,0,0,0,0,0,0,0,0,0,-,0,0,0,0,0,,,0,0,0,0,0,0,0,0,0,0,0,0,0,0,0,0,-,-
Alec MacDonald,Storm,Roosters,20,2026,Interchange,55:00,0,,0,11,80,33,0,0,0,0,0,0,11,0,2.89s,0,0,0,0,11,,97.06,33,0,0,0,0,0,0,0,0,1,1,0,0,0,0,0,18:38,35:53
Stanley Huen,Storm,Roosters,20,2026,Interchange,31:00,0,,0,2,12,4,0,0,0,0,0,1,2,0,3.8s,0,0,0,1,3,0.5,100.0,19,0,0,0,0,0,0,0,0,0,0,0,0,0,0,0,27:51,04:05
Siulagi Tuimalatu-Brown,Storm,Roosters,20,2026,Winger,80:00,0,,0,14,91,18,36,0,0,0,0,1,2,0,3.16s,0,0,1,3,18,0.21,80.0,4,1,0,0,0,0,0,0,0,0,1,0,1,0,0,0,80:00,-
Davvy Moale,Storm,Roosters,20,2026,Interchange,10:00,0,,0,2,15,7,0,0,0,0,0,0,2,0,3.18s,0,0,0,0,3,,100.0,4,0,0,0,0,0,0,0,0,1,1,0,0,0,0,0,10:08,-
William Kennedy,Sharks,Knights,20,2026,Fullback,80:00,1,14,4,19,190,53,125,1,1,1,0,0,1,0,4.13s,1,3,0,12,30,0.63,100.0,5,0,0,2,0,0,0,0,0,1,1,0,0,0,0,0,80:00,-
Sione Katoa,Sharks,Knights,20,2026,Winger,80:00,1,26,4,22,172,57,1,1,0,0,0,7,1,0,3.73s,0,0,0,0,25,,100.0,2,0,0,1,0,0,0,0,0,3,2,0,0,0,0,0,80:00,-
KL Iro,Sharks,Knights,20,2026,Centre,80:00,0,,0,18,141,66,0,0,0,0,0,5,0,0,3.71s,0,0,0,0,17,,77.27,17,5,0,0,0,0,0,0,0,0,0,0,0,0,0,0,80:00,-
Ronaldo Mulitalo,Sharks,Knights,20,2026,Winger,80:00,1,48,4,13,86,18,6,1,0,1,0,0,0,0,3.84s,0,0,1,3,15,0.23,63.64,7,3,0,0,0,0,0,0,0,0,0,0,0,0,0,0,80:00,-
Braydon Trindall,Sharks,Knights,20,2026,Five-Eighth,80:00,0,,0,4,17,4,0,0,1,2,0,0,0,0,4.35s,0,0,0,38,53,9.5,66.67,8,3,0,2,12,319,0,7,0,1,0,0,0,0,0,0,80:00,-
Nicho Hynes,Sharks,Knights,20,2026,Halfback,80:00,0,,8,9,56,13,0,0,0,0,0,1,2,0,3.55s,0,0,2,26,42,2.89,90.0,27,3,0,0,7,248,0,4,0,3,2,0,0,0,0,0,80:00,-
Addin Fonua-Blake,Sharks,Knights,20,2026,Prop,32:00,0,,0,8,71,34,0,0,0,0,0,2,8,0,2.9s,0,0,0,1,9,0.13,100.0,17,0,0,0,0,0,0,0,0,0,0,0,0,0,0,0,22:57,08:48
Blayke Brailey,Sharks,Knights,20,2026,Hooker,80:00,0,,0,5,44,11,0,0,0,0,0,0,0,0,3.41s,5,44,1,128,133,25.6,95.74,45,1,0,0,2,16,1,0,2,1,0,1,2,0,0,0,80:00,-
Thomas Hazelton,Sharks,Knights,20,2026,Prop,38:00,0,,0,9,77,37,9,0,0,0,0,1,8,0,3.44s,0,0,1,0,9,,93.48,43,1,0,0,0,0,0,0,0,0,0,0,0,0,0,0,24:38,13:24
Briton Nikora,Sharks,Knights,20,2026,2nd Row,80:00,0,,0,11,79,34,0,0,0,0,0,1,11,0,2.95s,0,0,0,1,13,0.09,90.2,46,4,0,0,0,0,0,0,0,3,2,1,0,0,0,0,80:00,-
Teig Wilton,Sharks,Knights,20,2026,2nd Row,80:00,0,,0,10,81,35,0,0,0,0,0,1,10,0,2.93s,0,0,0,1,11,0.1,94.12,32,2,0,0,0,0,0,0,0,1,1,0,0,0,0,0,80:00,-
Cameron McInnes,Sharks,Knights,20,2026,Lock,40:00,0,,0,7,63,25,0,0,0,0,0,1,7,0,3.17s,0,0,0,4,11,0.57,97.5,39,0,0,0,0,0,0,0,0,0,0,0,0,0,0,0,24:44,14:53
Hohepa Puru,Sharks,Knights,20,2026,Interchange,42:00,0,,0,12,86,22,0,0,0,0,0,2,10,0,3.44s,0,0,0,5,15,0.42,96.43,27,1,0,0,0,0,0,0,0,0,0,0,0,0,0,0,41:53,-
Billy Burns,Sharks,Knights,20,2026,Interchange,45:00,0,,0,11,92,39,0,0,0,0,0,1,11,0,3.49s,0,0,0,3,14,0.27,88.89,24,3,0,0,0,0,0,0,0,0,0,0,0,0,0,0,40:29,04:35
Oregon Kaufusi,Sharks,Knights,20,2026,Interchange,31:00,0,,0,10,98,36,40,0,0,0,0,0,7,0,3.13s,0,0,1,0,11,,100.0,10,0,0,0,0,0,0,0,0,0,1,0,0,0,0,0,30:49,-
Tuku Hau Tapuha,Sharks,Knights,20,2026,Interchange,13:00,0,,0,5,48,26,0,0,0,0,0,0,5,0,3.59s,0,0,0,0,5,,100.0,5,0,0,0,0,0,0,0,0,0,0,0,0,0,0,0,12:50,-
Mawene Hiroti,Sharks,Knights,20,2026,Centre,80:00,0,,0,13,114,29,0,0,0,0,0,1,0,0,3.54s,0,0,0,1,12,0.08,86.67,26,2,0,0,0,0,0,0,0,0,0,0,0,0,0,0,80:00,-
Samuel Stonestreet,Sharks,Knights,20,2026,Reserve,-,0,,0,0,0,0,0,0,0,0,0,0,0,0,-,0,0,0,0,0,,,0,0,0,0,0,0,0,0,0,0,0,0,0,0,0,0,-,-
Jayden Berrell,Sharks,Knights,20,2026,Reserve,-,0,,0,0,0,0,0,0,0,0,0,0,0,0,-,0,0,0,0,0,,,0,0,0,0,0,0,0,0,0,0,0,0,0,0,0,0,-,-
Kalyn Ponga,Knights,Sharks,20,2026,Fullback,80:00,1,8,6,15,147,35,51,1,1,0,0,7,0,0,4.18s,0,0,2,17,42,1.13,66.67,2,1,0,6,5,117,0,1,1,2,2,0,0,0,0,0,80:00,-
Dominic Young,Knights,Sharks,20,2026,Winger,80:00,0,,0,16,127,55,0,0,0,0,0,1,0,0,4.67s,0,0,0,2,21,0.13,100.0,3,0,0,1,1,5,0,0,0,2,1,1,0,0,0,0,80:00,-
Dane Gagai,Knights,Sharks,20,2026,Centre,80:00,0,,0,14,84,20,0,0,0,0,0,4,0,0,3.5s,0,0,0,7,22,0.5,92.31,12,1,0,0,0,0,0,0,0,1,1,0,0,0,0,0,80:00,-
Bradman Best,Knights,Sharks,20,2026,Centre,80:00,0,,0,11,64,20,0,0,1,2,0,2,0,0,3.02s,0,0,1,3,17,0.27,82.35,14,2,0,0,3,53,0,0,3,2,2,0,0,0,0,0,80:00,-
Greg Marzhew,Knights,Sharks,20,2026,Winger,80:00,2,19;78,8,22,179,58,22,1,0,0,0,4,3,0,3.55s,0,0,0,0,22,,100.0,1,0,0,1,0,0,0,0,0,0,0,0,0,0,0,0,80:00,-
Fletcher Sharpe,Knights,Sharks,20,2026,Five-Eighth,80:00,0,,0,8,52,17,0,0,1,1,0,2,1,0,3.25s,1,10,0,35,47,4.38,96.67,29,1,0,0,3,63,2,1,1,1,1,0,0,0,0,0,80:00,-
Dylan Brown,Knights,Sharks,20,2026,Halfback,80:00,0,,0,14,104,40,0,1,1,2,0,1,1,0,3.28s,1,8,0,43,64,3.07,92.0,23,2,0,0,15,470,0,6,0,3,3,0,0,0,0,0,80:00,-
Tyson Frizell,Knights,Sharks,20,2026,Prop,49:00,0,,0,9,71,29,0,0,0,0,0,0,9,0,3.01s,0,0,0,0,9,,91.67,33,1,0,0,0,0,0,0,0,0,0,1,1,0,0,0,27:29,21:54
Phoenix Crossland,Knights,Sharks,20,2026,Hooker,80:00,0,,0,2,6,0,0,0,0,0,0,0,1,0,3.24s,0,0,0,88,90,44.0,87.1,54,4,0,0,1,41,0,0,0,0,0,0,0,0,0,0,80:00,-
Trey Mooney,Knights,Sharks,20,2026,Prop,52:00,0,,0,16,119,39,35,0,0,0,0,0,12,0,3.43s,0,0,0,1,17,0.06,91.18,31,1,0,0,0,0,0,0,0,0,0,1,0,0,0,0,20:38,24:52
Dylan Lucas,Knights,Sharks,20,2026,2nd Row,80:00,1,38,4,12,103,49,4,1,0,0,0,2,11,0,3.42s,0,0,0,1,14,0.08,95.35,41,1,0,0,1,21,0,0,0,1,1,0,0,0,0,0,80:00,-
Francis Manuleleua,Knights,Sharks,20,2026,2nd Row,80:00,0,,0,6,64,29,0,0,0,0,0,2,6,0,2.64s,0,0,0,1,7,0.17,90.24,37,3,0,0,0,0,0,0,0,1,1,0,0,0,0,0,80:00,-
Mat Croker,Knights,Sharks,20,2026,Lock,43:00,0,,0,10,91,41,0,0,0,0,0,2,10,0,3.12s,0,0,2,5,15,0.5,93.33,28,2,0,0,0,0,0,0,0,0,0,0,0,0,0,0,31:18,11:51
Sandon Smith,Knights,Sharks,20,2026,Reserve,-,0,,0,0,0,0,0,0,0,0,0,0,0,0,-,0,0,0,0,0,,,0,0,0,0,0,0,0,0,0,0,0,0,0,0,0,0,-,-
Lachlan Crouch,Knights,Sharks,20,2026,Interchange,28:00,0,,0,6,39,13,7,0,0,0,0,0,5,0,2.94s,0,0,0,4,10,0.67,96.55,28,1,0,0,0,0,0,0,0,0,0,2,1,0,0,0,28:12,-
Thomas Cant,Knights,Sharks,20,2026,Interchange,25:00,0,,0,5,27,4,0,0,0,0,0,0,5,0,2.72s,0,0,0,0,5,,95.83,23,1,0,0,0,0,0,0,0,0,0,0,0,0,0,0,24:49,-
Brodie Jones,Knights,Sharks,20,2026,Interchange,19:00,0,,0,5,28,11,0,0,0,0,0,1,5,0,3.54s,0,0,0,0,5,,100.0,9,0,0,0,0,0,0,0,0,0,0,1,0,0,0,0,18:46,-
Fletcher Hunt,Knights,Sharks,20,2026,Reserve,-,0,,0,0,0,0,0,0,0,0,0,0,0,0,-,0,0,0,0,0,,,0,0,0,0,0,0,0,0,0,0,0,0,0,0,0,0,-,-
Harrison Graham,Knights,Sharks,20,2026,Interchange,24:00,0,,0,3,34,12,0,0,0,0,0,0,1,0,2.13s,2,21,0,28,31,9.33,90.91,20,2,0,0,0,0,0,0,0,0,0,1,0,0,0,0,24:00,-
Hamiso Tabuai-Fidow,Dolphins,Cowboys,20,2026,Fullback,80:00,0,,0,20,232,69,61,2,1,1,0,10,0,0,3.51s,1,27,2,17,37,0.85,100.0,4,0,0,2,0,0,0,0,0,0,0,0,1,0,0,0,80:00,-
Jamayne Isaako,Dolphins,Cowboys,20,2026,Winger,80:00,2,30;43,20,16,144,38,10,2,0,0,0,4,0,0,3.39s,0,0,0,4,20,0.25,66.67,2,1,0,2,0,0,0,0,0,0,0,1,0,0,0,0,80:00,-
Herbie Farnworth,Dolphins,Cowboys,20,2026,Centre,80:00,0,,0,15,123,51,0,0,1,0,0,12,4,0,3.79s,0,0,3,6,20,0.4,90.91,20,2,0,0,1,14,0,0,0,2,2,0,0,0,0,0,80:00,-
Selwyn Cobbo,Dolphins,Cowboys,20,2026,Centre,80:00,0,,0,14,120,36,0,0,1,1,0,3,0,0,3.27s,0,0,0,9,23,0.64,100.0,17,0,0,0,1,13,0,0,1,3,1,0,0,0,0,0,80:00,-
Kodi Nikorima,Dolphins,Cowboys,20,2026,Five-Eighth,80:00,0,,0,6,38,9,0,0,1,1,0,1,0,0,3.84s,1,9,1,43,48,7.17,82.61,19,2,0,0,2,57,0,1,0,0,0,0,0,0,0,0,80:00,-
Bradley Schneider,Dolphins,Cowboys,20,2026,Halfback,80:00,0,,0,10,67,17,0,0,1,0,0,2,0,0,3.43s,1,8,0,45,68,4.5,89.47,17,2,0,0,15,454,0,5,1,1,1,0,0,0,0,0,80:00,-
Thomas Flegler,Dolphins,Cowboys,20,2026,Prop,34:00,0,,0,11,72,24,0,0,0,0,0,3,11,0,3.27s,0,0,0,1,12,0.09,100.0,23,0,0,0,0,0,0,0,0,0,0,2,0,0,0,0,22:06,11:56
Jeremy Marshall-King,Dolphins,Cowboys,20,2026,Hooker,56:00,0,,0,4,51,18,0,0,0,0,0,1,0,0,4.38s,4,51,0,78,82,19.5,96.55,28,1,0,0,0,0,0,0,0,0,0,0,0,0,0,0,32:20,24:00
Francis Molo,Dolphins,Cowboys,20,2026,Prop,33:00,0,,0,7,63,26,25,0,0,0,0,1,5,0,3.66s,0,0,1,0,8,,100.0,21,0,0,0,0,0,0,0,0,1,1,0,0,0,0,0,23:27,10:06
Connelly Lemuelu,Dolphins,Cowboys,20,2026,2nd Row,80:00,1,78,4,16,141,58,0,1,0,0,0,0,15,0,3.64s,0,0,1,3,19,0.19,93.75,30,2,0,0,0,0,0,0,0,0,0,0,2,0,0,0,80:00,-
Kulikefu Finefeuiaki,Dolphins,Cowboys,20,2026,2nd Row,80:00,0,,0,18,176,78,0,1,0,0,0,4,18,0,3.6s,0,0,1,0,18,,93.33,28,2,0,0,0,0,0,0,0,0,0,0,0,0,0,0,80:00,-
Morgan Knowles,Dolphins,Cowboys,20,2026,Lock,52:00,0,,0,6,51,25,0,0,0,0,0,0,6,0,3.11s,0,0,0,9,15,1.5,86.49,32,5,0,0,0,0,0,0,0,1,1,0,0,0,0,0,32:21,20:08
Kurt Donoghoe,Dolphins,Cowboys,20,2026,Interchange,28:00,0,,0,8,49,11,0,0,2,2,0,2,6,0,3.47s,0,0,2,13,19,1.63,93.75,15,1,0,0,0,0,0,0,0,0,0,1,0,0,0,0,27:32,-
Max Plath,Dolphins,Cowboys,20,2026,Interchange,57:00,1,76,4,13,128,33,0,1,0,0,0,3,9,0,3.25s,3,43,0,55,66,4.23,90.91,30,2,0,0,0,0,0,0,0,1,1,1,0,0,0,0,57:00,-
Tom Gilbert,Dolphins,Cowboys,20,2026,Interchange,36:00,1,47,4,17,148,51,0,1,0,0,0,3,17,0,3.84s,0,0,0,1,18,0.06,91.3,21,2,0,0,0,0,0,0,0,0,0,0,0,0,0,0,35:52,-
Felise Kaufusi,Dolphins,Cowboys,20,2026,Interchange,24:00,1,36,4,7,71,15,38,1,0,0,0,1,3,0,3.81s,0,0,0,0,7,,100.0,11,0,0,0,0,0,0,0,0,0,0,0,0,0,0,0,23:39,-
Tevita Naufahu,Dolphins,Cowboys,20,2026,Winger,80:00,0,,0,17,189,54,46,1,0,0,0,5,1,0,3.46s,0,0,0,2,22,0.12,50.0,1,1,0,2,1,14,1,0,0,1,1,0,0,0,0,0,80:00,-
Sebastian Su'a,Dolphins,Cowboys,20,2026,Reserve,-,0,,0,0,0,0,0,0,0,0,0,0,0,0,-,0,0,0,0,0,,,0,0,0,0,0,0,0,0,0,0,0,0,0,0,0,0,-,-
John Fineanganofo,Dolphins,Cowboys,20,2026,Reserve,-,0,,0,0,0,0,0,0,0,0,0,0,0,0,-,0,0,0,0,0,,,0,0,0,0,0,0,0,0,0,0,0,0,0,0,0,0,-,-
Scott Drinkwater,Cowboys,Dolphins,20,2026,Fullback,80:00,1,69,8,14,90,3,17,0,1,0,0,1,1,0,4.47s,1,7,1,34,47,2.43,66.67,6,3,0,0,6,127,0,1,0,0,0,0,0,0,0,0,80:00,-
Braidon Burns,Cowboys,Dolphins,20,2026,Winger,80:00,0,,0,19,203,68,21,1,0,0,0,4,2,0,3.66s,0,0,0,3,22,0.16,100.0,3,0,0,0,0,0,0,0,0,3,2,0,0,0,0,0,80:00,-
Zac Laybutt,Cowboys,Dolphins,20,2026,Centre,80:00,0,,0,12,81,29,0,0,0,0,0,0,0,0,3.22s,0,0,0,5,16,0.42,78.57,11,3,0,0,0,0,0,0,0,2,2,0,1,0,0,0,80:00,-
Tom Chester,Cowboys,Dolphins,20,2026,Centre,80:00,0,,0,15,175,55,0,0,0,0,0,3,1,0,3.37s,1,2,1,5,19,0.33,65.52,19,7,0,1,0,0,0,0,0,2,2,2,0,0,0,0,80:00,-
Murray Taulagi,Cowboys,Dolphins,20,2026,Winger,80:00,0,,0,18,153,58,35,0,0,0,0,2,1,0,3.64s,0,0,0,3,23,0.17,60.0,6,4,1,3,0,0,0,0,0,0,0,0,0,0,0,0,80:00,-
Jaxon Purdue,Cowboys,Dolphins,20,2026,Five-Eighth,80:00,0,,0,9,58,12,0,0,0,0,0,0,0,0,3.29s,1,11,0,34,43,3.78,87.1,27,3,0,1,4,120,0,1,1,1,0,0,0,0,0,0,80:00,-
Jake Clifford,Cowboys,Dolphins,20,2026,Reserve,-,0,,0,0,0,0,0,0,0,0,0,0,0,0,-,0,0,0,0,0,,,0,0,0,0,0,0,0,0,0,0,0,0,0,0,0,0,-,-
Griffin Neame,Cowboys,Dolphins,20,2026,Prop,44:00,0,,0,5,57,11,30,0,0,0,0,1,3,0,3.36s,0,0,0,0,5,,76.67,23,6,0,0,0,0,0,0,0,0,0,0,0,0,0,0,24:27,19:53
Reed Mahoney,Cowboys,Dolphins,20,2026,Hooker,54:00,0,,0,1,13,2,0,0,0,0,0,0,0,0,3.28s,1,13,0,66,67,66.0,85.71,30,5,0,0,0,0,0,0,0,0,0,0,0,0,0,0,53:41,-
Jason Taumalolo,Cowboys,Dolphins,20,2026,Prop,51:00,0,,0,15,154,67,0,0,0,0,0,2,15,0,3.8s,0,0,0,2,17,0.13,84.85,28,3,0,0,0,0,0,0,0,0,0,0,0,0,0,0,21:07,30:07
Heilum Luki,Cowboys,Dolphins,20,2026,2nd Row,80:00,0,,0,12,109,46,0,0,0,0,0,0,12,0,3.5s,0,0,0,0,14,,95.92,47,1,0,0,0,0,0,0,0,2,1,2,2,0,0,0,80:00,-
Jeremiah Nanai,Cowboys,Dolphins,20,2026,2nd Row,80:00,1,13,4,12,125,53,0,0,0,0,0,1,11,0,3.53s,0,0,0,1,15,0.08,85.37,35,3,0,0,0,0,0,0,0,2,1,0,1,0,0,0,80:00,-
Reuben Cotter,Cowboys,Dolphins,20,2026,Lock,62:00,0,,0,8,74,38,0,0,0,0,0,2,8,0,3.33s,0,0,0,1,9,0.13,82.98,39,6,0,0,0,0,0,0,0,0,0,1,0,0,0,0,32:22,30:04
Soni Luke,Cowboys,Dolphins,20,2026,Interchange,26:00,0,,0,4,31,4,0,0,0,0,0,2,0,0,3.18s,4,31,0,33,36,8.25,93.75,15,1,0,1,0,0,0,0,0,0,0,0,0,0,0,0,26:00,-
Matthew Lodge,Cowboys,Dolphins,20,2026,Interchange,18:00,0,,0,4,29,5,12,0,0,0,0,1,3,0,3.65s,0,0,1,0,4,,94.12,16,0,0,0,0,0,0,0,0,0,0,0,0,0,0,0,17:31,-
Coen Hess,Cowboys,Dolphins,20,2026,Interchange,36:00,0,,0,4,38,20,0,0,0,0,0,1,4,0,3.14s,0,0,0,0,4,,80.65,25,4,0,0,0,0,0,0,0,0,0,0,0,0,0,0,32:33,03:07
Sam McIntyre,Cowboys,Dolphins,20,2026,Interchange,29:00,0,,0,4,37,12,0,0,0,0,0,0,4,0,3.79s,0,0,0,2,7,0.5,80.0,20,3,0,0,0,0,0,0,0,0,0,0,0,0,0,0,28:49,-
Ethan King,Cowboys,Dolphins,20,2026,Reserve,-,0,,0,0,0,0,0,0,0,0,0,0,0,0,-,0,0,0,0,0,,,0,0,0,0,0,0,0,0,0,0,0,0,0,0,0,0,-,-
Tom Dearden,Cowboys,Dolphins,20,2026,Halfback,80:00,1,4,4,10,88,8,0,1,0,1,0,3,0,0,3.95s,1,11,0,34,50,3.4,84.0,21,3,0,0,10,273,0,3,1,1,1,0,0,0,0,0,80:00,-
